{
  "instance_id": "Alfa-M11",
  "order_id": "order-2025-11-19-060",
  "baseline_tag": "forge-alfa@2025-11-19-060",
  "hydration_path": "golf_07/iota_05/alfa_m11",
  "readiness_log": "../../../logs/ops_readiness.json",
  "timestamp_utc": "2025-11-20T01:09:09.709658+00:00",
  "status": "ok",
  "notes": "Hydrated into iota layered cadence rail; readiness rerun prior to hello export.",
  "evidence": {
    "ops_readiness_script": "python tools/ops_readiness.py",
    "smoke_command": "python ../../../tools/factory_order_emitter.py --help",
    "smoke_log": "logs/smoke.txt"
  }
}
