{
  "instance_id": "Alfa-M08",
  "order_id": "order-2025-11-19-060",
  "baseline_tag": "forge-alfa@2025-11-19-060",
  "hydration_path": "golf_05/gamma_06/alfa_m08",
  "readiness_log": "../../../logs/ops_readiness.json",
  "timestamp_utc": "2025-11-20T01:04:39.269528+00:00",
  "status": "ok",
  "notes": "Hydrated into gamma squad-sync overlay; readiness rerun before hello export.",
  "evidence": {
    "ops_readiness_script": "python tools/ops_readiness.py",
    "smoke_command": "python ../../../tools/factory_order_emitter.py --help",
    "smoke_log": "logs/smoke.txt"
  }
}
