{
  "instance_id": "Alfa-M09",
  "order_id": "order-2025-11-19-060",
  "baseline_tag": "forge-alfa@2025-11-19-060",
  "hydration_path": "golf_06/epsilon_01/alfa_m09",
  "readiness_log": "../../../logs/ops_readiness.json",
  "timestamp_utc": "2025-11-20T01:05:57.187989+00:00",
  "status": "ok",
  "notes": "Hydrated in epsilon steady-state rail; readiness rerun prior to hello export.",
  "evidence": {
    "ops_readiness_script": "python tools/ops_readiness.py",
    "smoke_command": "python ../../../tools/factory_order_emitter.py --help",
    "smoke_log": "logs/smoke.txt"
  }
}
